Dem_or_rep,average_vax_rate
"Blue",58.05685479676903
"Red",48.66132663285912
