state,max_percent
WY,61.099998474121094
MS,61.79999923706055
LA,62.900001525878906
ID,64.0999984741211
TN,64.5999984741211
