State,max_vax_rate,relative_hospitalizations
RI,95,0.0150
VT,95,0.1342
CT,95,0.0325
MA,95,0.0628
ME,95,0.1667
TN,64.5999984741211,0.6852
ID,64.0999984741211,0.4839
LA,62.900001525878906,0.9362
MS,61.79999923706055,1.4891
WY,61.099998474121094,0.3801
